label,rural,urban-unsk,urban-skil
ag-subsist,1.0189,0.71491,0.0
ag-exp+ind,0.49556,0.34774,0.29222
sylvicult,3.2628,2.289,1.9232
ind-alim,1.4571,1.0223,0.85902
biens-cons,1.1335,0.79531,0.66829
biens-int,3.1074,2.1806,1.8323
cim-int,6.3224,4.4364,3.7277
biens-cap,2.5035,1.7552,1.4758
construct,2.9204,2.0492,1.722
services,1.4039,0.98502,0.82776
publiques,0.0,1.3263,1.1146
