label,labor1,labor2,labor3
agricult,0.38258,0.06740,0.00000
industry,0.00000,0.53476,0.00000
services,0.00000,0.16234,0.42326
