label,agricult,industry,services
agricult,0.00000,0.00000,0.00000
industry,0.93076,0.93774,0.93080
services,0.06924,0.06226,0.06920
