label,agricult,industry,services
agricult,0.12591,0.19834,0.01407
industry,0.10353,0.35524,0.18954
services,0.02358,0.11608,0.08390
