label,labor1,labor2,labor3
agricult,1.00000,0.52780,0.00000
industry,0.00000,1.21879,0.00000
services,0.00000,1.11541,1.00000
